<?xml version="1.0" encoding="UTF-8"?>
<project-private xmlns="http://www.netbeans.org/ns/project-private/1">
    <editor-bookmarks xmlns="http://www.netbeans.org/ns/editor-bookmarks/2" lastBookmarkId="0"/>
    <open-files xmlns="http://www.netbeans.org/ns/projectui-open-files/2">
        <group>
            <file>file:/C:/Users/micha/Desktop/frontistirio/MVC_CardGame/src/mvc/controller/Controller.java</file>
            <file>file:/C:/Users/micha/Desktop/frontistirio/MVC_CardGame/src/mvc/view/JLayeredPaneExtension.java</file>
            <file>file:/C:/Users/micha/Desktop/frontistirio/MVC_CardGame/src/mvc/model/Card.java</file>
            <file>file:/C:/Users/micha/Desktop/frontistirio/MVC_CardGame/src/mvc/controller/Test1.java</file>
            <file>file:/C:/Users/micha/Desktop/frontistirio/MVC_CardGame/src/mvc/view/View.java</file>
            <file>file:/C:/Users/micha/Desktop/frontistirio/MVC_CardGame/src/mvc/controller/Test.java</file>
            <file>file:/C:/Users/micha/Desktop/frontistirio/MVC_CardGame/src/mvc/model/Board.java</file>
            <file>file:/C:/Users/micha/Desktop/frontistirio/MVC_CardGame/src/mvc/model/Player.java</file>
        </group>
    </open-files>
</project-private>
